{
    "afghanistan" : -0.161630294,
    "aland islands" : null,
    "albania" : -0.486483237,
    "algeria" : -0.022804474,
    "andorra" : 0,
    "angola" : 0.019512405,
    "anguilla" : 1.1,
    "antigua and barbuda" : 0.21,
    "argentina" : 0.010620462,
    "armenia" : -0.168666559,
    "aruba" : 0.188262181,
    "australia" : 0.620575372,
    "austria" : 0.721709167,
    "azerbaijan" : 0.01183528,
    "bahrain" : 2.8091621,
    "bangladesh" : -0.224362368,
    "barbados" : -0.027490213,
    "belarus" : 0.092387571,
    "belgium" : 0.414163601,
    "belize" : 0.301789612,
    "benin" : -0.016497294,
    "bhutan" : 0.041471835,
    "bolivia" : -0.081418512,
    "bosnia and herzegovina" : -0.65791499,
    "botswana" : 0.127571252,
    "brazil" : 0.009973682,
    "british virgin islands" : 1.6,
    "brunei" : 0.4,
    "bulgaria" : -0.069080204,
    "burkina faso" : -0.119598495,
    "burundi" : 0.016828159,
    "cambodia" : -0.179436945,
    "cameroon" : -0.018081914,
    "canada" : 0.641277655,
    "cape verde" : -0.24137255,
    "caribbean netherlands" : 0.07,
    "cayman islands" : 1.36,
    "central african republic" : -0.828197302,
    "chad" : 0.01217592,
    "chile" : 0.58436297,
    "china" : -0.024205742,
    "colombia" : 0.402484992,
    "comoros" : -0.229990536,
    "cook islands" : -2.1,
    "costa rica" : 0.082448031,
    "croatia" : -0.194895971,
    "cuba" : -0.127134177,
    "curacao" : 0.313846416,
    "cyprus" : 0.414127033,
    "czech republic" : 0.205537763,
    "democratic republic of the congo" : 0.026642057,
    "denmark" : 0.262421787,
    "djibouti" : 0.091093117,
    "dominica" : -0.54,
    "dominican republic" : -0.276550967,
    "east timor" : -0.408435695,
    "ecuador" : 0.206313487,
    "egypt" : -0.037165409,
    "el salvador" : -0.625003373,
    "equatorial guinea" : 1.140425593,
    "eritrea" : -1.123893638,
    "estonia" : 0.294828256,
    "eswatini" : -0.719984416,
    "ethiopia" : 0.026095219,
    "falkland islands" : 0,
    "faroe islands" : 1,
    "fiji" : -0.691843894,
    "finland" : 0.252674743,
    "france" : 0.055959913,
    "french polynesia" : -0.355988437,
    "gabon" : 0.146468536,
    "georgia" : -0.250678901,
    "germany" : 0.649076645,
    "ghana" : -0.032182343,
    "gibraltar" : -0.33,
    "greece" : -0.153505873,
    "greenland" : -0.6,
    "grenada" : -0.17774144,
    "guatemala" : -0.051435712,
    "guernsey" : 0.77,
    "guinea" : -0.030458101,
    "guinea-bissau" : -0.071087362,
    "guyana" : -0.762823056,
    "haiti" : -0.306949476,
    "honduras" : -0.06865492,
    "hungary" : 0.062109544,
    "iceland" : 0.111357596,
    "india" : -0.038600385,
    "indonesia" : -0.036177863,
    "iran" : -0.065481687,
    "iraq" : 0.019476664,
    "ireland" : 0.478028007,
    "isle of man" : 0.58,
    "israel" : 0.115533009,
    "italy" : 0.246342213,
    "ivory coast" : -0.030327989,
    "jamaica" : -0.382686961,
    "japan" : 0.056579698,
    "jersey" : 0.77,
    "jordan" : 0.100165302,
    "kazakhstan" : -0.095863455,
    "kenya" : -0.018597283,
    "kiribati" : -0.669741898,
    "kosovo" : -0.26,
    "kuwait" : 0.925403184,
    "kyrgyzstan" : -0.061310246,
    "laos" : -0.202101282,
    "latvia" : -0.786608829,
    "lebanon" : -0.439707594,
    "lesotho" : -0.4689931,
    "liberia" : -0.098859537,
    "libya" : -0.029092054,
    "liechtenstein" : 0.5,
    "lithuania" : -1.204133727,
    "luxembourg" : 1.556124976,
    "madagascar" : -0.005416919,
    "malawi" : -0.083915527,
    "malaysia" : 0.154483104,
    "maldives" : 2.103436538,
    "mali" : -0.197522739,
    "malta" : 0.203830657,
    "marshall islands" : -0.46,
    "mauritania" : 0.107534791,
    "mauritius" : -0.1,
    "mexico" : -0.046535887,
    "micronesia" : -0.521634803,
    "moldova" : -0.034383062,
    "monaco" : 0.65,
    "mongolia" : -0.025989159,
    "montenegro" : -0.076425089,
    "morocco" : -0.139307017,
    "mozambique" : -0.015997218,
    "myanmar" : -0.300153649,
    "namibia" : -0.189145206,
    "nauru" : -0.19,
    "nepal" : 0.143152263,
    "netherlands" : 0.093376828,
    "new zealand" : 0.308591476,
    "nicaragua" : -0.32110841,
    "niger" : 0.016524389,
    "nigeria" : -0.029106491,
    "niue" : -2.5,
    "north korea" : -0.02095907,
    "north macedonia" : -0.047999063,
    "norway" : 0.516486908,
    "oman" : 1.71150188,
    "pakistan" : -0.105652826,
    "palau" : 0.08,
    "palestine" : -0.207060239,
    "panama" : 0.259573692,
    "papua new guinea" : -0.008941521,
    "paraguay" : -0.232119338,
    "peru" : 0.300465361,
    "philippines" : -0.061280653,
    "poland" : -0.077668777,
    "portugal" : -0.058842515,
    "qatar" : 1.388381262,
    "republic of the congo" : -0.07248889,
    "romania" : -0.38465635,
    "russia" : 0.125025986,
    "rwanda" : -0.069486168,
    "saint barthelemy" : -0.15,
    "saint kitts and nevis" : 0.12,
    "saint lucia" : -0.22,
    "saint vincent and the grenadines" : -0.180277628,
    "samoa" : -1.412702733,
    "san marino" : 0.42,
    "sao tome and principe" : -0.766566739,
    "saudi arabia" : 0.387716149,
    "senegal" : -0.119446292,
    "serbia" : 0.045780361,
    "seychelles" : -0.203361567,
    "sierra leone" : -0.052651485,
    "singapore" : 0.461990085,
    "sint maarten" : 0.6,
    "slovakia" : 0.027199586,
    "slovenia" : 0.096202965,
    "solomon islands" : -0.232935983,
    "somalia" : -0.251679615,
    "south africa" : 0.245166433,
    "south korea" : 0.022881191,
    "south sudan" : -1.556229048,
    "spain" : 0.085552754,
    "sri lanka" : -0.457595202,
    "sudan" : -0.11402701,
    "suriname" : -0.170464618,
    "sweden" : 0.396068427,
    "switzerland" : 0.600835022,
    "svalbard" : null,
    "syria" : -2.442142461,
    "taiwan" : 0.125965837,
    "tajikistan" : -0.20969537,
    "tanzania" : -0.067090524,
    "thailand" : 0.027856742,
    "the bahamas" : 0.254295043,
    "the gambia" : -0.127737861,
    "togo" : -0.024158312,
    "tonga" : -0.756894839,
    "trinidad and tobago" : -0.057163763,
    "tunisia" : -0.033844902,
    "turkey" : 0.336643515,
    "turkmenistan" : -0.082902242,
    "turks and caicos" : 0.9,
    "tuvalu" : -0.66,
    "uganda" : 0.36880255,
    "ukraine" : 0.02286563,
    "united arab emirates" : 0.404432499,
    "united kingdom" : 0.383952446,
    "united states" : 0.288458717,
    "uruguay" : -0.086362498,
    "uzbekistan" : -0.026481061,
    "vanuatu" : 0.039069495,
    "vatican city" : 1.8,
    "venezuela" : -2.297265362,
    "vietnam" : -0.082187351,
    "yemen" : -0.100583505,
    "zambia" : -0.043516207,
    "zimbabwe" : -0.786238293,
    "meta" : {
      "data_type" : "float",
      "country_id_type": "primary_name",
      "long_name" : "annual migration rate",
      "source_link" : "https://www.worldometers.info/world-population/population-by-country/",
      "unit_description" : "% of total population migrating / year (negative values are people leaving)",
      "notes":"",
      "category":"demographics"
    }
  }