{
    "afghanistan" : 0.685850221,
    "aland islands": null,
    "albania" : 1.410868432,
    "algeria" : 0.325569822,
    "andorra" : 0.27016248,
    "angola" : null,
    "anguilla" : null,
    "antigua and barbuda" : 5.3705363,
    "argentina" : 1.788325729,
    "armenia" : 1.133071211,
    "aruba" : 1.386606245,
    "australia" : 0.841389804,
    "austria" : 0.714212226,
    "azerbaijan" : 1.512456771,
    "bahrain" : null,
    "bangladesh" : null,
    "barbados" : 3.083544725,
    "belarus" : 2.641993866,
    "belgium" : 1.688627262,
    "belize" : 7.297067413,
    "benin" : null,
    "bhutan" : 0.859036014,
    "bolivia" : 3.854492421,
    "bosnia and herzegovina" : 0.888370861,
    "botswana" : null,
    "brazil" : 4.057223624,
    "british virgin islands" : null,
    "brunei" : null,
    "bulgaria" : 1.036506408,
    "burkina faso" : null,
    "burundi" : 1.977182589,
    "cambodia" : null,
    "cameroon" : 0.899759956,
    "canada" : 0.986237408,
    "cape verde" : 3.44488085,
    "caribbean netherlands" : null,
    "cayman islands" : null,
    "central african republic" : 10.61669915,
    "chad" : null,
    "chile" : 1.033484038,
    "china" : null,
    "colombia" : 6.276938461,
    "comoros" : null,
    "cook islands" : null,
    "costa rica" : 2.156651747,
    "croatia" : 1.038030821,
    "cuba" : 2.560539661,
    "curacao" : 5.981231241,
    "cyprus" : 0.660913903,
    "czech republic" : 0.888804457,
    "democratic republic of the congo" : null,
    "denmark" : 0.674743478,
    "djibouti" : null,
    "dominica" : null,
    "dominican republic" : 3.901676214,
    "east timor" : null,
    "ecuador" : 2.84819223,
    "egypt" : 0.417137006,
    "el salvador" : 13.3449383,
    "equatorial guinea" : null,
    "eritrea" : null,
    "estonia" : 2.602752056,
    "eswatini" : null,
    "ethiopia" : null,
    "falkland islands" : null,
    "faroe islands" : null,
    "fiji" : 2.383180816,
    "finland" : 1.234306082,
    "france" : 0.955788029,
    "french polynesia" : null,
    "gabon" : null,
    "georgia" : 1.785997148,
    "germany" : 0.896799545,
    "ghana" : null,
    "gibraltar" : null,
    "greece" : 0.572663495,
    "greenland" : null,
    "grenada" : 4.775856314,
    "guatemala" : 8.40637488,
    "guernsey" : null,
    "guinea" : null,
    "guinea-bissau" : null,
    "guyana" : 7.1110887,
    "haiti" : 1.41013237,
    "honduras" : 9.528733325,
    "hungary" : 1.408512808,
    "iceland" : 0.405306868,
    "india" : 2.883823823,
    "indonesia" : null,
    "iran" : 0.678876715,
    "iraq" : 4.022313973,
    "ireland" : 0.403259277,
    "isle of man" : null,
    "israel" : 0.886931784,
    "italy" : 0.520077971,
    "ivory coast" : null,
    "jamaica" : 9.974650507,
    "japan" : 0.396787337,
    "jersey" : null,
    "jordan" : 0.848978564,
    "kazakhstan" : 3.467094708,
    "kenya" : 2.150142372,
    "kiribati" : null,
    "kosovo" : 1.358835937,
    "kuwait" : 0.984084687,
    "kyrgyzstan" : 3.613982734,
    "laos" : null,
    "latvia" : 3.232174808,
    "lebanon" : null,
    "lesotho" : null,
    "liberia" : null,
    "libya" : null,
    "liechtenstein" : null,
    "lithuania" : 4.180676835,
    "luxembourg" : 0.700495122,
    "madagascar" : null,
    "malawi" : null,
    "malaysia" : null,
    "maldives" : null,
    "mali" : null,
    "malta" : 0.885450559,
    "marshall islands" : null,
    "mauritania" : null,
    "mauritius" : 1.768977036,
    "meta" : {
      "data_type" : "float",
      "country_id_type":"primary_name",
      "long_name" : "annual femicide rate",
      "notes" : "average over past 20 years. missing data from the world's most violent countries.",
      "source_link" : "https://data.worldbank.org/indicator/vc.ihr.psrc.fe.p5?name_desc=true&view=map",
      "unit_description" : "intentional homicides against females / 100,000 females / year",
      "category": "violence"
    },
    "mexico" : 3.53549237,
    "micronesia" : null,
    "moldova" : 3.521884019,
    "monaco" : null,
    "mongolia" : 3.781014845,
    "montenegro" : 1.177587961,
    "morocco" : 0.443872334,
    "mozambique" : null,
    "myanmar" : 0.66942601,
    "namibia" : null,
    "nauru" : null,
    "nepal" : null,
    "netherlands" : 0.597095917,
    "new zealand" : 0.862489618,
    "nicaragua" : 2.294122355,
    "niger" : null,
    "nigeria" : null,
    "niue" : null,
    "north korea" : null,
    "north macedonia" : 0.889084731,
    "norway" : 0.681722291,
    "oman" : 0.277578483,
    "pakistan" : null,
    "palau" : null,
    "palestine" : null,
    "panama" : 1.939131419,
    "papua new guinea" : null,
    "paraguay" : 1.930748043,
    "peru" : 2.289805319,
    "philippines" : 2.540376606,
    "poland" : 0.641561592,
    "portugal" : 0.729082728,
    "qatar" : 0.415370181,
    "republic of the congo" : null,
    "romania" : 1.114636495,
    "russia" : null,
    "rwanda" : null,
    "saint barthelemy" : null,
    "saint kitts and nevis" : null,
    "saint lucia" : 5.065265367,
    "saint vincent and the grenadines" : 9.73015667,
    "samoa" : null,
    "san marino" : null,
    "sao tome and principe" : null,
    "saudi arabia" : 0.297322757,
    "senegal" : null,
    "serbia" : 0.971005169,
    "seychelles" : 5.740522936,
    "sierra leone" : null,
    "singapore" : 0.240424379,
    "sint maarten" : null,
    "slovakia" : null,
    "slovenia" : 0.626600036,
    "solomon islands" : null,
    "somalia" : null,
    "south africa" : 10.13333333,
    "south korea" : null,
    "south sudan" : null,
    "spain" : 0.597586475,
    "sri lanka" : 1.532910345,
    "sudan" : null,
    "suriname" : 3.76694449,
    "sweden" : 0.639018469,
    "switzerland" : 0.769906144,
    "svalbard": null,
    "syria" : null,
    "taiwan" : null,
    "tajikistan" : 0.815574073,
    "tanzania" : 2.544329201,
    "thailand" : 1.629844948,
    "the bahamas" : 5.012039885,
    "the gambia" : null,
    "togo" : null,
    "tonga" : 1.149191669,
    "trinidad and tobago" : 5.80689925,
    "tunisia" : null,
    "turkey" : 1.574266338,
    "turkmenistan" : null,
    "turks and caicos" : null,
    "tuvalu" : null,
    "uganda" : 4.002721556,
    "ukraine" : 3.787102687,
    "united arab emirates" : 0.645422388,
    "united kingdom" : 0.778988716,
    "united states" : 2.301744293,
    "uruguay" : 2.606242647,
    "uzbekistan" : null,
    "vanuatu" : null,
    "vatican city" : null,
    "venezuela" : null,
    "vietnam" : null,
    "yemen" : null,
    "zambia" : null,
    "zimbabwe" : null
  }